,depto,fecha,ingresos,Y
0,MK,2024-03-26,5781,6
1,IQ,2023-08-22,4615,4
2,IQ,2023-02-15,1371,6
3,IQ,2023-07-28,7383,5
4,IS,2023-12-02,3654,4
5,MK,2024-04-06,7098,6
6,IQ,2024-01-21,5379,4
7,II,2023-12-13,4549,3
8,IQ,2024-03-09,1596,5
9,IS,2023-07-17,5931,3
10,MK,2023-06-13,9761,5
11,IS,2024-02-04,6997,6
12,IQ,2023-07-21,4224,5
13,IS,2023-02-24,9206,5
14,IS,2023-05-17,8983,5
15,II,2023-09-17,9960,4
16,IS,2023-07-17,4036,5
17,MK,2023-10-17,2653,5
18,II,2023-08-06,4438,5
19,MK,2023-09-24,2206,6
20,IQ,2023-03-09,6935,5
21,MK,2023-12-28,2644,4
22,II,2024-04-24,6704,5
23,MK,2024-04-05,8991,4
24,MK,2023-05-20,7956,3
25,IQ,2023-08-10,9691,3
26,II,2023-02-24,5848,5
27,II,2023-09-21,9404,6
28,IQ,2023-12-14,6139,5
29,IQ,2023-08-09,4092,3
30,MK,2023-09-23,5240,5
31,II,2023-06-08,8235,5
32,IS,2023-06-04,8571,4
33,IS,2023-02-15,3377,5
34,II,2023-01-26,6331,4
35,II,2024-01-18,8332,6
36,II,2024-03-23,7880,5
37,IQ,2024-04-17,5942,5
38,MK,2023-03-01,9059,3
39,II,2023-10-18,2130,3
40,MK,2023-07-05,7755,4
41,MK,2024-03-19,4511,4
42,II,2023-03-30,3597,5
43,MK,2023-01-29,1862,4
44,MK,2023-07-31,4657,6
45,IS,2023-06-23,4992,3
46,IS,2023-03-18,5112,4
47,MK,2024-05-01,4296,6
48,II,2023-11-25,4238,6
49,MK,2024-03-28,6089,4
50,MK,2023-02-22,6218,4
51,IS,2023-08-20,6374,6
52,IQ,2024-01-17,1976,5
53,IQ,2024-03-10,4954,4
54,IS,2024-02-13,7437,5
55,MK,2024-01-03,9752,5
56,IQ,2023-02-21,7232,4
57,MK,2023-07-11,2528,3
58,MK,2023-04-27,4533,6
59,IS,2023-12-19,5444,6
60,IS,2023-10-25,3052,5
61,IQ,2023-06-16,2089,6
62,II,2024-04-02,4877,3
63,IQ,2023-02-08,1784,5
64,IQ,2023-05-29,8971,6
65,IQ,2023-04-14,3494,5
66,II,2023-11-08,4462,4
67,IS,2023-03-05,2369,5
68,MK,2023-01-10,9247,4
69,IQ,2023-01-19,9549,6
70,IS,2023-02-11,9419,5
71,IS,2023-08-11,2920,4
72,IQ,2023-12-05,9846,3
73,IQ,2023-11-11,1473,3
74,II,2024-02-13,9370,5
75,MK,2023-11-03,9800,5
76,IQ,2024-03-03,5229,5
77,II,2023-10-14,3777,5
78,IQ,2023-01-04,3858,5
79,MK,2024-02-01,4970,3
80,II,2023-04-28,6556,5
81,IS,2023-03-14,3190,5
82,IQ,2023-05-19,9981,3
83,II,2023-06-10,2024,5
84,MK,2023-05-31,3046,6
85,II,2023-08-06,5707,5
86,IS,2023-03-26,5623,5
87,IS,2023-12-02,6650,5
88,IS,2023-11-06,7095,6
89,MK,2023-01-15,7093,4
90,II,2023-02-14,3694,5
91,IQ,2023-01-31,6308,5
92,MK,2023-03-25,8634,4
93,IQ,2024-03-30,4517,4
94,IS,2023-06-05,8259,6
95,IS,2024-01-23,8183,6
96,IS,2023-09-27,6960,5
97,II,2023-09-03,4392,3
98,IS,2023-03-16,9890,6
99,MK,2023-11-06,5642,3
100,MK,2024-02-04,3247,5
101,II,2023-01-17,7528,5
102,IQ,2023-08-17,3797,5
103,II,2023-08-24,6490,4
104,IQ,2023-06-09,8017,6
105,MK,2024-02-15,2549,6
106,II,2023-03-08,5136,3
107,IQ,2023-05-01,4412,5
108,IQ,2024-04-19,9219,3
109,MK,2023-09-15,8262,5
110,MK,2023-12-06,2567,3
111,II,2024-03-02,1366,5
112,MK,2024-01-13,2601,4
113,IQ,2023-10-25,5270,5
114,IS,2024-01-07,2870,6
115,II,2024-02-08,5120,3
116,II,2024-01-17,4827,4
117,II,2024-03-14,7239,5
118,II,2023-10-16,1838,4
119,IS,2023-12-08,9347,5
120,IQ,2024-02-15,3428,6
121,MK,2023-07-01,4686,6
122,IQ,2023-06-25,7969,5
123,IS,2024-04-27,2453,5
124,IQ,2023-05-20,3322,3
125,IQ,2024-04-09,5978,4
126,II,2023-01-03,7326,6
127,IS,2023-09-14,1878,6
128,II,2023-02-08,4514,5
129,II,2023-08-18,3410,4
130,IS,2023-02-20,9647,4
131,IQ,2023-05-22,3283,3
132,MK,2024-02-16,3105,5
133,IQ,2024-04-03,3591,5
134,II,2023-07-30,4818,4
135,IS,2023-12-01,6448,5
136,IQ,2024-03-10,1987,5
137,MK,2023-04-29,9818,3
138,II,2023-02-12,5255,5
139,MK,2023-12-18,6198,3
140,IS,2023-06-15,1358,3
141,II,2023-12-20,9329,3
142,II,2023-11-20,2664,6
143,IS,2023-09-24,1692,3
144,MK,2024-03-30,6365,3
145,MK,2023-04-21,5930,5
146,IQ,2024-01-04,6908,5
147,II,2023-12-25,8014,5
148,II,2023-05-18,5998,5
149,MK,2024-03-14,8266,5
150,MK,2023-06-06,4844,5
151,MK,2024-03-18,9946,4
152,IQ,2023-11-28,2577,5
153,IQ,2023-08-31,1755,6
154,MK,2023-12-06,6742,4
155,II,2023-11-26,6246,5
156,II,2023-11-05,9624,6
157,IS,2023-05-31,5354,3
158,IS,2024-02-15,2067,5
159,II,2024-02-02,6015,6
160,MK,2023-02-18,3759,5
161,MK,2024-03-17,2261,4
162,MK,2023-11-23,1918,3
163,IS,2024-04-29,4911,5
164,IS,2023-12-03,6364,5
165,IQ,2024-04-03,3274,5
166,IS,2023-04-19,3204,5
167,IS,2023-09-06,3232,5
168,II,2024-02-09,2013,4
169,IQ,2023-08-20,1312,3
170,IS,2023-10-27,8316,5
171,IS,2023-12-23,9718,6
172,II,2024-02-27,8631,5
173,II,2023-05-08,9571,4
174,MK,2024-04-22,6281,5
175,MK,2023-10-18,5324,5
176,IS,2023-02-14,1366,6
177,II,2024-02-17,4576,3
178,II,2023-06-28,8759,6
179,II,2023-04-27,1298,3
180,IQ,2023-01-26,9113,4
181,MK,2023-04-12,7526,3
182,II,2023-05-06,2661,5
183,MK,2023-08-09,9265,3
184,MK,2023-03-07,7480,3
185,IS,2023-10-15,4285,5
186,IS,2024-01-05,6799,5
187,IS,2023-07-15,8656,5
188,IS,2023-04-26,8293,4
189,IS,2023-08-28,9251,3
190,IS,2024-01-13,1409,3
191,IQ,2024-02-23,1680,5
192,IQ,2023-05-23,5039,3
193,II,2023-01-29,7634,5
194,II,2023-02-06,5613,3
195,MK,2023-10-10,4064,5
196,IQ,2023-05-25,8051,5
197,IQ,2023-11-23,9209,3
198,II,2023-08-09,9298,4
199,IQ,2023-07-13,5085,5
200,IS,2024-03-05,8783,5
201,IS,2023-08-26,7193,3
202,MK,2024-03-01,8605,5
203,II,2023-03-29,9114,4
204,IQ,2023-05-14,6361,5
205,IQ,2023-05-16,5608,5
206,II,2023-04-17,4294,3
207,IS,2023-02-05,9658,4
208,IS,2024-03-28,9946,5
209,II,2023-12-21,3087,5
210,IQ,2024-03-30,1417,4
211,IS,2023-09-11,6849,5
212,MK,2023-03-10,1606,4
213,MK,2023-04-16,7677,6
214,II,2024-01-21,1310,5
215,MK,2024-03-31,7068,4
216,MK,2024-01-22,7720,4
217,IS,2024-01-17,7375,6
218,IS,2023-04-02,2954,6
219,IQ,2024-03-29,9183,3
220,IQ,2023-04-19,8666,5
221,IS,2023-04-17,4494,5
222,IS,2023-01-10,9802,6
223,IS,2023-12-16,4060,5
224,MK,2023-03-16,8232,4
225,II,2023-12-22,2796,5
226,IS,2023-12-06,1420,5
227,IS,2023-05-21,9657,5
228,MK,2023-10-07,7289,4
229,IS,2023-04-16,2909,3
230,IS,2023-11-18,8049,6
231,IS,2023-02-19,8969,3
232,IQ,2023-11-21,3248,5
233,IQ,2024-02-05,7290,6
234,MK,2023-02-22,2031,3
235,IQ,2024-04-11,8083,3
236,IQ,2023-08-07,6685,3
237,IS,2023-08-12,9128,3
238,IQ,2024-02-27,1775,5
239,II,2024-04-29,9982,5
240,MK,2023-01-11,1948,5
241,IS,2023-03-09,4295,3
242,IS,2023-04-14,2015,4
243,IS,2024-01-26,1824,5
244,IQ,2023-05-05,2961,3
245,II,2023-08-20,4472,4
246,MK,2023-04-02,4038,6
247,MK,2023-11-24,6640,4
248,II,2024-04-20,1587,3
249,II,2024-02-14,9728,3
250,II,2023-11-21,7305,5
251,IQ,2024-01-06,4792,5
252,IQ,2023-12-27,6109,6
253,IQ,2023-03-02,4059,6
254,II,2023-05-03,5255,5
255,II,2024-01-17,9109,5
256,IQ,2023-07-30,8048,3
257,MK,2023-03-11,8265,5
258,IS,2024-02-25,2752,6
259,IQ,2024-04-24,7524,4
260,IS,2023-02-01,1345,5
261,II,2023-07-24,3609,4
262,IS,2024-03-20,7398,3
263,IQ,2023-01-15,2389,5
264,IQ,2023-12-09,2116,6
265,IS,2023-09-13,6097,4
266,IQ,2023-12-20,3464,6
267,IS,2023-08-21,6967,4
268,II,2023-04-15,5850,5
269,IS,2023-04-04,4310,5
270,IQ,2023-04-24,4760,3
271,II,2024-03-01,4450,3
272,II,2023-03-20,1360,5
273,MK,2024-03-17,9065,4
274,MK,2023-04-10,4678,4
275,II,2023-02-12,1132,5
276,IS,2023-03-10,6769,5
277,II,2023-11-03,3111,5
278,IS,2023-08-09,9166,3
279,MK,2023-10-01,6561,4
280,IQ,2024-01-01,7241,5
281,II,2024-04-28,8716,5
282,II,2024-01-27,3806,6
283,II,2023-01-13,6611,5
284,IQ,2023-10-08,7670,3
285,MK,2024-01-30,5581,6
286,IS,2023-07-14,6406,6
287,II,2023-05-10,1513,5
288,IS,2023-07-12,5601,6
289,IS,2023-09-07,9812,3
290,MK,2024-04-01,3234,5
291,MK,2023-10-26,4859,5
292,II,2023-02-09,7253,5
293,MK,2023-10-28,7572,5
294,IS,2023-10-06,7337,4
295,MK,2023-11-27,5477,6
296,IQ,2023-07-20,8587,5
297,IS,2023-04-14,7957,5
298,MK,2023-09-16,9360,4
299,II,2023-06-06,2613,5
300,MK,2023-09-09,4106,3
301,IQ,2023-02-14,5931,4
302,MK,2024-03-17,3144,6
303,IS,2024-02-23,5323,6
304,MK,2023-02-28,8963,5
305,MK,2024-01-11,4201,3
306,IS,2023-02-18,4634,4
307,MK,2023-03-13,3187,4
308,MK,2023-04-15,9369,6
309,II,2023-10-01,5139,5
310,IQ,2023-05-07,1463,3
311,IS,2024-01-24,8055,4
312,IQ,2023-08-26,9629,3
313,MK,2023-09-27,2362,3
314,IQ,2023-11-02,5397,5
315,MK,2023-06-16,1121,5
316,MK,2023-08-15,3926,5
317,IS,2023-09-24,1181,3
318,MK,2023-10-18,9278,3
319,IQ,2023-02-15,9324,5
320,II,2023-12-17,3609,4
321,MK,2023-02-25,6973,6
322,IS,2023-11-22,7029,5
323,II,2023-02-05,2881,6
324,II,2023-05-04,7303,3
325,II,2024-01-03,7386,4
326,II,2023-06-10,7929,5
327,II,2023-04-15,2755,3
328,IQ,2023-09-02,2568,4
329,MK,2023-08-21,5244,5
330,IS,2023-11-21,5719,5
331,IQ,2023-10-30,5864,4
332,II,2023-10-18,1257,5
333,II,2024-03-27,6850,6
334,IQ,2024-03-23,4765,5
335,IQ,2023-05-24,2791,6
336,II,2023-11-25,7138,4
337,II,2023-04-04,4811,6
338,MK,2024-04-16,7068,5
339,II,2024-03-09,7930,5
340,IQ,2023-02-28,7996,5
341,IQ,2023-03-15,4672,4
342,MK,2023-05-17,2597,4
343,IS,2024-02-24,2951,5
344,IS,2023-08-09,3190,5
345,IQ,2023-05-06,2806,5
346,II,2023-07-17,5752,4
347,II,2023-09-08,2995,3
348,II,2023-06-22,3096,3
349,IQ,2023-02-13,6751,3
350,IS,2024-01-08,9514,5
351,II,2024-02-06,3546,5
352,IS,2023-09-12,4878,5
353,IS,2023-02-21,3006,6
354,IS,2024-01-07,4964,3
355,MK,2023-02-12,1546,4
356,IS,2024-02-15,6188,5
357,MK,2023-05-15,9058,5
358,II,2023-11-20,2314,3
359,II,2024-04-11,1284,5
360,II,2023-02-09,2129,5
361,IS,2024-04-07,1863,5
362,IS,2024-03-29,1564,4
363,IS,2023-05-12,6134,4
364,IS,2024-04-16,8993,5
365,II,2023-10-05,9078,6
366,II,2023-08-17,4355,6
367,IS,2024-01-19,4624,5
368,II,2023-01-30,2563,6
369,II,2023-06-22,8911,6
370,MK,2023-08-16,2799,4
371,II,2024-04-26,2592,3
372,IS,2023-12-16,4170,3
373,II,2023-07-16,4906,3
374,MK,2023-11-23,1652,3
375,II,2024-02-07,3405,5
376,II,2023-09-15,1083,6
377,IQ,2024-01-25,2439,6
378,II,2024-02-09,5122,5
379,MK,2023-04-28,8836,5
380,IS,2023-08-28,8769,6
381,MK,2023-12-01,6681,6
382,IS,2023-12-05,8177,3
383,IQ,2024-04-22,4588,6
384,IS,2024-02-21,5913,5
385,IQ,2023-12-03,5035,5
386,MK,2024-01-09,6059,3
387,IQ,2023-02-15,9433,5
388,IS,2023-02-26,2944,4
389,II,2023-12-12,9250,4
390,II,2023-09-07,8303,6
391,IS,2023-01-01,8696,4
392,IS,2024-02-26,5384,3
393,MK,2024-03-17,3329,5
394,MK,2023-05-20,9967,5
395,II,2024-03-20,8042,5
396,MK,2023-04-24,5700,5
397,IQ,2023-04-04,8939,5
398,IS,2024-01-24,1019,5
399,II,2023-06-17,4951,6
400,IS,2023-02-26,6527,3
401,MK,2023-12-23,9229,6
402,IQ,2023-02-09,7495,6
403,II,2023-07-20,5797,3
404,MK,2023-08-14,5559,6
405,IQ,2024-02-11,6747,3
406,IS,2024-01-07,4495,6
407,IQ,2023-10-13,4032,4
408,MK,2023-07-31,6068,6
409,MK,2024-04-11,1134,3
410,II,2023-01-21,3898,6
411,II,2023-07-15,8398,4
412,MK,2023-06-08,6851,4
413,II,2023-01-29,5486,4
414,MK,2023-05-16,4801,5
415,IQ,2023-07-08,7234,5
416,II,2023-05-24,2842,5
417,II,2024-02-11,3735,6
418,IQ,2023-12-22,2333,4
419,MK,2023-10-25,5579,3
420,II,2024-01-31,2349,5
421,II,2023-09-11,7091,4
422,IS,2023-04-04,2909,6
423,MK,2023-09-23,1722,5
424,IQ,2023-12-05,8257,4
425,MK,2023-11-27,8711,3
426,IS,2024-01-06,8680,5
427,IS,2023-10-16,3709,5
428,II,2023-09-20,1201,6
429,MK,2024-03-12,8367,5
430,IS,2023-07-27,4642,4
431,IQ,2024-01-16,5456,3
432,MK,2023-09-22,5645,4
433,IS,2023-05-10,2241,5
434,MK,2024-05-01,2324,5
435,IS,2023-02-03,8942,5
436,IS,2024-02-11,5204,5
437,IS,2024-04-15,1523,6
438,IQ,2024-04-12,9722,4
439,IS,2024-03-09,8450,5
440,II,2023-09-21,7838,5
441,IQ,2024-04-05,4926,3
442,IQ,2023-07-11,6277,6
443,II,2024-03-19,1160,3
444,IQ,2023-10-24,3962,5
445,IS,2023-05-20,5915,3
446,IS,2023-02-24,6274,6
447,II,2024-02-09,9780,6
448,MK,2023-12-17,4627,6
449,II,2023-08-08,9327,5
450,IQ,2024-03-10,7595,6
451,MK,2024-02-07,7135,5
452,II,2023-08-01,2902,3
453,IQ,2023-01-20,4270,4
454,II,2023-10-25,7572,6
455,IQ,2023-05-24,4406,5
456,MK,2023-06-27,1821,3
457,IQ,2023-01-03,4693,6
458,IS,2023-03-25,7565,6
459,II,2023-12-24,3386,3
460,MK,2023-04-27,8699,3
461,IQ,2023-10-10,7749,4
462,II,2023-06-12,3823,3
463,MK,2023-05-12,6870,5
464,MK,2023-06-18,5843,4
465,IS,2023-10-19,1144,5
466,II,2023-09-28,2935,5
467,IS,2023-01-17,7148,5
468,IQ,2023-01-09,7075,4
469,II,2023-11-21,3601,4
470,IS,2024-02-11,9314,3
471,IS,2023-11-13,9749,6
472,IQ,2023-04-20,9695,4
473,II,2023-05-22,8246,3
474,IQ,2023-12-04,3937,5
475,IS,2024-02-20,3474,5
476,IS,2024-03-04,7271,5
477,IQ,2023-10-08,4486,5
478,MK,2024-01-19,6591,4
479,II,2023-08-08,3571,6
480,IQ,2023-08-28,5609,5
481,MK,2024-02-28,7108,5
482,MK,2023-07-20,9338,6
483,II,2023-07-21,9052,5
484,MK,2023-06-12,9818,5
485,MK,2024-01-22,3314,3
486,MK,2023-03-02,1577,5
487,MK,2023-10-11,1835,5
488,MK,2023-04-25,7467,5
489,IS,2023-07-13,6978,5
490,II,2023-11-21,9395,5
491,IQ,2023-03-09,2247,5
492,MK,2024-04-06,1842,5
493,MK,2023-06-01,9817,5
494,MK,2024-02-24,5703,6
495,MK,2023-09-13,6971,6
496,MK,2023-04-15,1797,4
497,IS,2023-08-11,8972,4
498,IQ,2023-10-17,2542,3
499,IQ,2023-01-08,4979,5
500,II,2023-11-22,3666,5
501,IS,2023-11-09,3936,5
502,IQ,2023-10-02,8199,5
503,MK,2024-04-12,7033,3
504,IQ,2023-11-03,8035,5
505,IQ,2024-02-18,5531,5
506,IQ,2023-10-07,4311,3
507,IQ,2023-12-03,3066,5
508,IQ,2024-03-10,3709,5
509,MK,2023-02-21,9570,5
510,IS,2024-01-30,9281,6
511,II,2024-01-26,8056,5
512,IS,2024-01-15,1768,5
513,IQ,2023-11-21,9274,5
514,II,2023-08-27,3606,3
515,IS,2023-09-02,5717,5
516,IS,2023-12-20,9071,6
517,MK,2023-01-07,7699,6
518,II,2024-03-28,5323,5
519,II,2023-01-06,9355,4
520,IS,2023-03-23,5916,3
521,MK,2023-02-10,3488,3
522,II,2024-03-04,2959,5
523,IS,2023-08-15,3230,5
524,II,2023-01-20,3082,4
525,II,2023-01-08,5493,6
526,IQ,2024-03-07,5724,3
527,MK,2024-01-08,9843,5
528,MK,2023-03-03,1423,5
529,IS,2024-01-25,5048,3
530,IS,2023-05-30,2347,3
531,IS,2023-08-17,8178,4
532,IS,2023-05-21,9758,3
533,IQ,2024-03-28,9806,5
534,II,2023-01-27,6022,3
535,IQ,2023-03-03,1244,3
536,IQ,2024-03-17,4911,4
537,II,2023-02-11,7302,6
538,IS,2024-01-17,5578,6
539,II,2023-07-27,1718,4
540,MK,2023-02-23,8746,5
541,IS,2023-04-09,9114,5
542,MK,2024-03-23,6518,5
543,MK,2024-03-16,7260,4
544,MK,2024-03-17,8575,4
545,IQ,2023-11-07,7067,5
546,IQ,2023-06-20,4720,3
547,IQ,2024-04-05,8378,3
548,MK,2023-08-05,6364,6
549,II,2023-10-21,5564,4
550,II,2023-02-25,6087,5
551,MK,2023-12-30,3600,6
552,II,2023-05-06,9481,5
553,IQ,2024-01-10,3490,5
554,MK,2023-01-27,2951,3
555,II,2023-02-02,6602,6
556,IS,2023-01-01,4087,4
557,MK,2024-01-29,4376,6
558,IQ,2023-08-20,7554,3
559,MK,2024-03-31,8505,5
560,II,2023-09-06,5013,5
561,MK,2024-03-30,3559,5
562,MK,2024-02-23,7276,5
563,IQ,2024-01-30,6328,5
564,IS,2023-12-28,4767,5
565,IS,2023-04-13,3834,3
566,MK,2023-12-31,3188,5
567,IQ,2023-02-01,1687,5
568,MK,2024-03-23,8229,5
569,IS,2023-08-31,3862,5
570,IS,2023-08-26,5428,4
571,MK,2024-03-21,3086,3
572,IQ,2024-02-15,7446,4
573,IQ,2023-04-23,9153,3
574,IQ,2023-06-22,6309,5
575,MK,2024-03-12,3532,4
576,MK,2023-12-01,7212,4
577,IQ,2023-03-25,7029,4
578,II,2023-12-22,9367,4
579,II,2023-11-24,3109,5
580,IS,2023-03-11,8909,5
581,IQ,2023-04-14,1587,5
582,II,2023-09-26,7216,5
583,IS,2023-09-03,6924,6
584,IS,2023-09-23,1352,3
585,MK,2023-02-23,8596,6
586,IQ,2023-10-09,4690,3
587,IS,2023-03-30,3539,6
588,MK,2024-04-17,2535,3
589,IQ,2023-04-19,1815,4
590,MK,2024-04-03,3218,5
591,MK,2023-02-18,2367,3
592,IQ,2023-01-04,5659,5
593,II,2023-02-09,1884,5
594,MK,2023-10-09,4510,3
595,MK,2023-11-25,9650,6
596,MK,2023-05-02,6947,5
597,IQ,2023-04-17,2756,6
598,IQ,2023-02-16,6126,5
599,MK,2024-01-18,4617,5
600,II,2024-02-25,5412,5
601,IS,2023-11-19,5576,5
602,MK,2024-04-27,1570,5
603,II,2023-12-24,6503,6
604,IS,2023-04-17,8929,3
605,II,2023-04-06,4029,5
606,MK,2023-05-05,3901,4
607,IQ,2024-03-24,2223,3
608,MK,2024-03-25,8844,6
609,II,2023-04-04,8458,6
610,IS,2023-10-23,6683,6
611,II,2023-09-05,8102,4
612,MK,2023-01-18,2242,5
613,MK,2023-06-19,3666,3
614,IS,2024-01-01,1742,3
615,II,2023-08-15,2713,3
616,II,2023-07-02,6362,6
617,IQ,2024-01-06,2712,6
618,IQ,2023-02-21,5116,5
619,MK,2024-03-18,2947,4
620,MK,2023-05-09,1792,3
621,II,2023-05-14,6224,4
622,MK,2023-01-02,4850,5
623,IS,2023-03-29,2042,4
624,IS,2023-02-24,5525,6
625,MK,2024-04-22,7757,5
626,IS,2023-12-09,8191,6
627,II,2023-06-05,5839,4
628,II,2023-07-24,5916,6
629,IS,2023-10-06,9944,4
630,IS,2023-01-01,9171,4
631,IQ,2023-03-20,2154,6
632,II,2023-06-28,6486,4
633,MK,2023-11-21,4738,5
634,IQ,2023-06-01,7670,3
635,II,2023-11-02,7975,5
636,IQ,2023-12-13,7582,6
637,MK,2023-07-12,4954,3
638,IS,2024-03-09,5729,4
639,II,2023-08-19,5843,5
640,IS,2023-06-21,9859,5
641,II,2023-08-26,1115,4
642,MK,2023-06-30,4895,5
643,MK,2023-03-10,2443,6
644,MK,2023-03-01,8683,5
645,II,2024-03-19,1980,5
646,II,2023-10-16,1477,3
647,IS,2024-04-24,4123,4
648,IQ,2023-09-09,7711,5
649,MK,2024-03-15,2941,4
650,IS,2023-06-16,2712,5
651,II,2024-04-19,5107,5
652,II,2024-01-27,9133,4
653,IS,2023-03-28,4747,5
654,IS,2023-06-12,9454,4
655,IS,2023-11-06,7825,5
656,II,2023-07-05,5457,6
657,II,2023-12-14,7086,3
658,IS,2023-12-13,9855,4
659,MK,2023-01-16,9955,5
660,IQ,2023-11-25,8212,5
661,IQ,2023-08-21,7915,3
662,MK,2023-01-06,8603,6
663,IS,2024-03-18,1770,4
664,MK,2023-08-18,7835,5
665,IQ,2024-01-11,3323,5
666,MK,2023-09-06,7633,6
667,IQ,2023-07-23,7837,5
668,MK,2024-04-08,4737,5
669,II,2023-10-14,9043,5
670,II,2023-06-23,7636,6
671,II,2023-05-10,6050,5
672,MK,2024-03-29,1447,5
673,II,2023-02-07,6940,3
674,IQ,2023-02-24,6545,5
675,II,2023-10-03,5785,5
676,MK,2023-02-08,9146,6
677,IS,2023-09-20,5292,5
678,IS,2023-06-24,5379,3
679,IS,2023-08-22,8608,6
680,MK,2024-01-20,2065,6
681,IQ,2023-10-05,3341,5
682,MK,2024-01-28,7739,6
683,II,2023-06-25,8050,6
684,II,2024-04-25,5371,5
685,II,2023-07-20,7416,4
686,MK,2023-04-05,1317,6
687,MK,2023-09-28,1334,5
688,MK,2023-11-11,7862,6
689,MK,2024-03-21,8592,5
690,IQ,2023-01-29,6851,5
691,II,2023-04-01,2563,6
692,MK,2023-09-22,4283,5
693,IQ,2023-04-02,2654,6
694,MK,2023-12-04,6436,4
695,MK,2023-11-14,7973,5
696,II,2023-11-24,1166,5
697,IS,2023-11-14,3902,3
698,II,2023-03-09,7224,5
699,IS,2023-06-30,1689,5
700,IQ,2023-11-02,7395,3
701,MK,2023-01-17,1479,3
702,IQ,2023-11-18,2084,5
703,II,2024-01-30,9808,4
704,MK,2024-01-22,9996,4
705,MK,2023-11-08,7870,5
706,MK,2023-02-04,7906,5
707,IS,2023-07-13,2832,4
708,II,2023-12-21,8062,5
709,IQ,2023-12-04,9403,6
710,MK,2023-03-30,4842,5
711,MK,2023-02-13,5182,5
712,IS,2024-01-24,8908,4
713,MK,2023-05-24,9805,6
714,IQ,2023-06-18,1248,4
715,IQ,2024-03-24,8193,6
716,MK,2023-10-04,6116,6
717,IS,2023-05-15,5559,3
718,MK,2024-04-04,3934,5
719,IS,2023-10-23,1511,4
720,IQ,2023-11-25,6585,6
721,IS,2023-12-17,3718,5
722,MK,2023-05-12,1266,6
723,IS,2024-02-13,9424,4
724,IQ,2024-01-28,2283,4
725,IQ,2023-02-04,1502,5
726,IS,2023-02-25,1776,4
727,II,2024-02-19,4658,4
728,IS,2024-03-21,4222,5
729,MK,2023-04-17,5199,5
730,MK,2023-08-25,2738,4
731,IS,2023-09-30,9675,5
732,II,2023-04-28,8120,4
733,MK,2023-09-12,8326,5
734,II,2023-03-06,6777,5
735,II,2023-05-04,8850,3
736,II,2023-11-06,4288,4
737,II,2023-03-06,7477,5
738,II,2023-09-11,3416,4
739,MK,2023-07-17,4504,6
740,II,2023-10-06,1774,6
741,MK,2023-04-13,2653,5
742,IS,2023-11-20,4125,6
743,II,2024-02-24,6701,6
744,MK,2023-09-23,9377,4
745,II,2023-11-15,3000,4
746,MK,2023-09-07,8871,3
747,IQ,2023-12-07,5705,6
748,MK,2023-10-15,4690,4
749,IS,2023-06-28,7965,3
750,IS,2023-01-25,9626,6
751,IS,2023-06-05,8551,5
752,MK,2023-06-12,6797,5
753,II,2023-02-07,8019,3
754,MK,2023-03-17,7891,5
755,IQ,2023-04-16,3227,6
756,IS,2024-04-30,3074,4
757,II,2023-12-09,1466,6
758,II,2023-01-27,8364,6
759,IS,2023-09-25,5691,6
760,IS,2023-04-06,7872,4
761,IQ,2023-07-12,2039,4
762,IQ,2023-06-10,2364,5
763,II,2023-03-22,7518,4
764,MK,2024-04-16,9340,4
765,MK,2023-02-12,8002,4
766,II,2023-08-07,3743,5
767,II,2023-01-17,3461,4
768,IS,2024-01-20,4109,6
769,IQ,2024-04-23,9575,3
770,IQ,2023-09-16,8078,5
771,IQ,2023-05-04,3416,5
772,MK,2023-03-20,9148,4
773,IS,2023-11-22,1634,5
774,MK,2024-04-13,1456,5
775,IQ,2023-02-02,7650,4
776,IS,2024-03-20,6017,5
777,II,2023-04-13,8479,4
778,II,2023-03-18,6967,5
779,II,2023-07-09,7231,3
780,II,2024-03-13,9616,4
781,MK,2024-04-24,6559,4
782,IS,2023-12-18,3884,3
783,II,2023-04-01,9370,6
784,MK,2023-04-18,5837,4
785,IS,2024-04-29,7212,3
786,IQ,2023-03-24,8351,6
787,IS,2024-01-25,6866,5
788,IQ,2023-02-11,1409,3
789,IQ,2023-08-31,6884,4
790,IS,2024-02-16,9253,4
791,II,2023-06-24,5403,3
792,II,2024-02-10,2731,6
793,MK,2023-06-27,2693,6
794,II,2023-04-20,3543,3
795,IS,2023-02-21,9827,3
796,IS,2023-01-23,2453,5
797,IS,2023-11-14,5240,6
798,IS,2023-03-08,5662,4
799,IS,2023-08-27,3593,4
800,IQ,2023-10-09,4571,4
801,II,2023-11-14,7678,6
802,MK,2023-05-09,9913,5
803,IQ,2023-01-07,2841,6
804,IQ,2023-05-31,6413,5
805,IQ,2023-05-30,3218,5
806,II,2023-05-22,4930,5
807,MK,2023-01-24,1188,3
808,MK,2023-07-29,9631,6
809,IQ,2023-04-19,8975,6
810,IS,2023-05-16,5493,4
811,MK,2023-05-14,9422,5
812,IS,2023-10-10,6971,3
813,II,2024-04-26,9932,3
814,MK,2023-10-08,9667,4
815,II,2023-12-11,3076,6
816,MK,2023-04-11,5197,5
817,MK,2023-04-03,6841,3
818,IQ,2024-02-12,3109,5
819,MK,2024-01-07,6613,3
820,MK,2024-03-29,6702,3
821,IQ,2023-09-07,6478,5
822,IQ,2023-05-09,5064,3
823,MK,2023-06-20,1474,5
824,IS,2023-04-15,5904,4
825,IQ,2023-09-12,2693,5
826,IQ,2023-07-25,3529,5
827,MK,2023-10-19,7964,6
828,MK,2024-02-07,5564,5
829,MK,2023-05-20,6233,3
830,IS,2024-01-03,5419,5
831,MK,2023-08-31,1136,4
832,MK,2023-10-26,1526,5
833,IS,2023-09-02,6946,5
834,MK,2023-05-29,7840,5
835,MK,2024-03-11,6615,4
836,IQ,2023-06-03,9655,6
837,II,2023-02-14,5486,5
838,IS,2023-03-05,6957,6
839,IS,2023-06-09,4567,5
840,MK,2023-11-16,2592,4
841,IQ,2023-07-22,5641,4
842,II,2023-05-31,3666,6
843,IQ,2024-02-24,8474,4
844,IS,2023-05-05,4620,6
845,MK,2023-05-14,2554,5
846,IQ,2024-04-12,6223,6
847,MK,2024-04-17,9006,3
848,IS,2024-04-01,9941,4
849,IQ,2023-05-17,5734,5
850,II,2023-04-04,4143,4
851,II,2023-07-06,6641,5
852,IQ,2023-09-02,1516,6
853,IQ,2024-02-04,3475,4
854,II,2023-07-08,6527,6
855,IQ,2024-01-04,5614,5
856,IS,2023-07-02,2271,5
857,IQ,2024-03-03,6713,3
858,MK,2024-03-15,1593,5
859,IQ,2023-08-06,7990,5
860,IS,2023-08-02,6386,5
861,IS,2023-12-17,3911,5
862,IS,2023-06-18,2408,3
863,II,2024-04-26,7300,5
864,IS,2023-05-11,1195,6
865,IS,2023-05-26,2793,6
866,IQ,2023-07-10,8998,5
867,IQ,2023-05-10,2611,5
868,MK,2024-01-05,3241,5
869,IQ,2023-04-13,8677,5
870,IS,2023-06-30,5661,6
871,IQ,2024-04-07,2193,5
872,IQ,2023-06-25,9458,5
873,IQ,2024-02-01,8440,6
874,IQ,2023-01-14,3240,3
875,IQ,2024-04-08,4531,5
876,II,2023-03-08,6230,4
877,IS,2024-02-26,7476,4
878,II,2023-01-28,7256,5
879,IQ,2023-06-29,5247,4
880,II,2023-11-09,4793,4
881,MK,2023-10-16,9214,5
882,IS,2023-01-21,1240,4
883,MK,2023-03-27,6485,4
884,IQ,2023-01-01,7773,4
885,IQ,2023-09-26,9077,6
886,IQ,2023-09-09,3916,3
887,II,2024-03-06,7652,6
888,II,2023-04-23,3602,5
889,IQ,2023-11-30,7704,6
890,IQ,2023-07-25,4580,5
891,MK,2024-04-15,2154,4
892,II,2024-04-06,4732,5
893,IS,2023-09-24,4094,6
894,MK,2024-04-03,2958,3
895,IS,2023-07-20,9922,4
896,IQ,2023-02-19,8199,6
897,IQ,2024-01-20,4242,6
898,MK,2023-12-24,9470,4
899,MK,2024-02-18,2655,6
900,II,2023-09-09,2457,6
901,MK,2023-01-13,6894,5
902,IS,2023-09-23,1265,6
903,IQ,2023-10-29,9262,4
904,IS,2023-04-16,4661,6
905,IQ,2023-12-26,5821,5
906,IQ,2023-09-26,3108,5
907,IS,2024-01-18,3251,4
908,II,2024-01-20,2612,5
909,II,2023-01-08,9091,3
910,MK,2023-09-08,8928,6
911,MK,2023-06-08,1841,5
912,II,2023-11-02,4198,4
913,IQ,2024-02-12,9716,5
914,MK,2023-09-10,5881,5
915,II,2023-10-26,3593,5
916,MK,2023-03-16,1977,6
917,IQ,2023-03-05,9987,5
918,IS,2024-01-10,8175,5
919,IQ,2024-01-04,5927,5
920,II,2023-09-21,5885,3
921,II,2024-03-25,1587,5
922,IS,2023-10-11,8143,3
923,MK,2023-04-17,7666,6
924,IS,2023-07-29,1918,3
925,IS,2024-02-26,6170,4
926,II,2023-05-12,8970,3
927,IS,2023-07-06,1606,5
928,MK,2024-02-04,2595,3
929,II,2024-02-11,8369,3
930,IQ,2023-02-25,8381,5
931,IS,2023-09-05,4094,3
932,II,2023-11-23,2343,5
933,IS,2023-05-07,4414,3
934,IQ,2023-01-03,8233,5
935,MK,2023-11-06,6471,5
936,IQ,2023-06-28,1663,5
937,II,2023-08-17,4517,6
938,IS,2023-06-24,7545,6
939,IS,2023-04-10,3747,5
940,II,2023-03-30,9541,3
941,IQ,2023-09-28,8661,5
942,IS,2023-11-11,1367,3
943,II,2023-07-18,2900,5
944,IQ,2023-03-30,8413,6
945,II,2023-09-17,5665,3
946,IS,2023-03-14,1844,4
947,II,2023-01-06,5142,5
948,IQ,2023-09-03,4568,6
949,IS,2024-02-17,8119,3
950,II,2023-06-05,6502,5
951,MK,2024-02-13,3209,4
952,IS,2023-07-16,6899,3
953,IQ,2023-01-05,4829,3
954,IS,2024-01-20,2805,6
955,II,2023-05-20,2011,3
956,II,2023-10-10,2612,5
957,IQ,2023-08-28,9343,5
958,II,2023-09-30,6520,4
959,MK,2023-11-10,3279,6
960,IS,2023-05-13,8519,4
961,IS,2023-11-20,5990,5
962,IS,2023-06-18,6772,3
963,IQ,2023-12-16,6133,5
964,II,2023-03-21,6991,6
965,IQ,2023-10-01,1141,4
966,IQ,2024-04-01,2577,3
967,MK,2023-10-31,2312,6
968,IS,2023-03-18,7037,6
969,MK,2024-04-21,8118,3
970,IS,2023-05-01,1849,6
971,MK,2024-02-08,7528,5
972,IS,2023-10-16,3815,3
973,MK,2023-03-05,6113,5
974,IQ,2023-04-06,9594,5
975,IQ,2023-10-05,3087,3
976,II,2024-03-25,2246,4
977,IS,2023-02-02,3956,5
978,MK,2023-08-13,3813,3
979,II,2023-11-18,1031,6
980,IQ,2024-02-11,6959,6
981,IS,2023-07-25,7777,5
982,II,2023-06-16,9132,3
983,IQ,2023-08-18,1977,5
984,II,2023-09-08,3412,4
985,MK,2023-11-25,5088,4
986,IQ,2023-04-05,7898,3
987,IQ,2023-07-11,8552,5
988,II,2023-01-04,5818,5
989,IS,2023-02-20,4127,4
990,IS,2023-12-11,3498,5
991,MK,2024-02-18,8616,5
992,IS,2023-06-05,8897,3
993,IS,2023-06-08,8157,4
994,IS,2023-01-07,6683,5
995,IQ,2023-04-12,6460,5
996,IS,2023-10-27,9940,6
997,IS,2023-07-19,2604,4
998,IS,2024-01-02,5641,4
999,MK,2023-12-29,7791,5
